Id,When,Cal,Alberta,BritishColumbia,Manitoba,NewBrunswick,NewfoundlandAndLabrador,NovaScotia,Ontario,PrinceEdwardIsland,Quebec,Saskatchewan,ModifiedDate
98647,1/1/1992 12:00:00 AM,Wheat excluding durum,,,,,129.46,,152.13,144.57,128.58,,11/7/2022 9:30:30 AM
98648,2/1/1992 12:00:00 AM,Wheat excluding durum,,,,,147.08,,160.09,146.4,133.5,,11/7/2022 9:30:30 AM
98649,3/1/1992 12:00:00 AM,Wheat excluding durum,,,,,149.76,,159.4,140.62,134.09,,11/7/2022 9:30:30 AM
98650,4/1/1992 12:00:00 AM,Wheat excluding durum,,,,,143.49,,153.45,147.47,133.28,,11/7/2022 9:30:30 AM
98651,5/1/1992 12:00:00 AM,Wheat excluding durum,,,,,146.05,,153.05,147.19,141.72,,11/7/2022 9:30:30 AM
98652,6/1/1992 12:00:00 AM,Wheat excluding durum,,,,,145.14,,153.1,151.68,134.85,,11/7/2022 9:30:30 AM
98653,7/1/1992 12:00:00 AM,Wheat excluding durum,,,,,151.52,,153.52,150.7,126.89,,11/7/2022 9:30:30 AM
98654,8/1/1992 12:00:00 AM,Wheat excluding durum,,,,,143.46,,149.46,142.12,130.13,,11/7/2022 9:30:30 AM
98655,9/1/1992 12:00:00 AM,Wheat excluding durum,,,,,135.42,,156.52,141.57,118.16,,11/7/2022 9:30:30 AM
98656,10/1/1992 12:00:00 AM,Wheat excluding durum,,,,,140.51,,153.02,131.18,118.8,,11/7/2022 9:30:30 AM
98657,11/1/1992 12:00:00 AM,Wheat excluding durum,,,,,139.62,,151.87,131.18,117.95,,11/7/2022 9:30:30 AM
98658,12/1/1992 12:00:00 AM,Wheat excluding durum,,,,,144.41,,149.53,131.18,120.93,,11/7/2022 9:30:30 AM
98659,1/1/1993 12:00:00 AM,Wheat excluding durum,,,,,143.94,,142.7,143.77,143.65,,11/7/2022 9:30:30 AM
98660,2/1/1993 12:00:00 AM,Wheat excluding durum,,,,,141.22,,183.37,140.1,127.07,,11/7/2022 9:30:30 AM
98661,3/1/1993 12:00:00 AM,Wheat excluding durum,,,,,141.22,,145.47,139.82,125.83,,11/7/2022 9:30:30 AM
98662,4/1/1993 12:00:00 AM,Wheat excluding durum,,,,,102.05,,173.92,134.37,120.56,,11/7/2022 9:30:30 AM
98663,5/1/1993 12:00:00 AM,Wheat excluding durum,,,,,92.96,,183.52,137.2,123,,11/7/2022 9:30:30 AM
98664,6/1/1993 12:00:00 AM,Wheat excluding durum,,,,,115.73,,167.59,141.77,111.75,,11/7/2022 9:30:30 AM
98665,7/1/1993 12:00:00 AM,Wheat excluding durum,,,,,108,,182.3,143.7,130.43,,11/7/2022 9:30:30 AM
98666,8/1/1993 12:00:00 AM,Wheat excluding durum,,,,,100,,165,153.78,128.67,,11/7/2022 9:30:30 AM
98667,9/1/1993 12:00:00 AM,Wheat excluding durum,,,,,96.25,,212.03,154.17,128.43,,11/7/2022 9:30:30 AM
98668,10/1/1993 12:00:00 AM,Wheat excluding durum,,,,,132.86,,223.34,157.75,138,,11/7/2022 9:30:30 AM
98669,11/1/1993 12:00:00 AM,Wheat excluding durum,,,,,132.86,,196.17,159.63,137.69,,11/7/2022 9:30:30 AM
98670,12/1/1993 12:00:00 AM,Wheat excluding durum,,,,,132.86,,258.73,160.94,142.07,,11/7/2022 9:30:30 AM
98671,1/1/1994 12:00:00 AM,Wheat excluding durum,,,,,166.91,,258.92,168.65,154.44,,11/7/2022 9:30:30 AM
98672,2/1/1994 12:00:00 AM,Wheat excluding durum,,,,,175.34,,179.15,167.94,147.25,,11/7/2022 9:30:30 AM
98673,3/1/1994 12:00:00 AM,Wheat excluding durum,,,,,168.5,,145.4,167.58,153.33,,11/7/2022 9:30:30 AM
98674,4/1/1994 12:00:00 AM,Wheat excluding durum,,,,,171.67,,148.65,174.09,157.5,,11/7/2022 9:30:30 AM
98675,5/1/1994 12:00:00 AM,Wheat excluding durum,,,,,174.61,,217.54,169.22,151.25,,11/7/2022 9:30:30 AM
98676,6/1/1994 12:00:00 AM,Wheat excluding durum,,,,,174.82,,183.49,166.61,160.5,,11/7/2022 9:30:30 AM
98677,7/1/1994 12:00:00 AM,Wheat excluding durum,,,,,170.42,,171.15,168.5,142.14,,11/7/2022 9:30:30 AM
98678,8/1/1994 12:00:00 AM,Wheat excluding durum,,,,,164.41,,168.99,165.31,147.5,,11/7/2022 9:30:30 AM
98679,9/1/1994 12:00:00 AM,Wheat excluding durum,,,,,165.92,,184.05,166.84,147.97,,11/7/2022 9:30:30 AM
98680,10/1/1994 12:00:00 AM,Wheat excluding durum,,,,,176.39,,189.42,172.64,151.58,,11/7/2022 9:30:30 AM
98681,11/1/1994 12:00:00 AM,Wheat excluding durum,,,,,176.41,,197.41,173.81,156.84,,11/7/2022 9:30:30 AM
98682,12/1/1994 12:00:00 AM,Wheat excluding durum,,,,,175.12,,198.95,174.98,164.41,,11/7/2022 9:30:30 AM
98683,1/1/1995 12:00:00 AM,Wheat excluding durum,,,,,206.41,,198.95,181.17,168.78,,11/7/2022 9:30:30 AM
98684,2/1/1995 12:00:00 AM,Wheat excluding durum,,,,,194.28,,198.95,184.26,170.43,,11/7/2022 9:30:30 AM
98685,3/1/1995 12:00:00 AM,Wheat excluding durum,,,,,188.99,,198.95,182.14,171.81,,11/7/2022 9:30:30 AM
98686,4/1/1995 12:00:00 AM,Wheat excluding durum,,,,,171.41,,186.41,188.92,172.74,,11/7/2022 9:30:30 AM
98687,5/1/1995 12:00:00 AM,Wheat excluding durum,,,,,188.91,,186.41,190.18,170.72,,11/7/2022 9:30:30 AM
98688,6/1/1995 12:00:00 AM,Wheat excluding durum,,,,,196.41,,204.92,185.63,178.8,,11/7/2022 9:30:30 AM
98689,7/1/1995 12:00:00 AM,Wheat excluding durum,,,,,196.41,,204.92,185.63,192.55,,11/7/2022 9:30:30 AM
98690,8/1/1995 12:00:00 AM,Wheat excluding durum,,,,,215.55,,227.4,204.78,213.74,,11/7/2022 9:30:30 AM
98691,9/1/1995 12:00:00 AM,Wheat excluding durum,,,,,220.04,,227.4,210.97,215.2,,11/7/2022 9:30:30 AM
98692,10/1/1995 12:00:00 AM,Wheat excluding durum,,,,,236.92,,227.4,218.52,216.73,,11/7/2022 9:30:30 AM
98693,11/1/1995 12:00:00 AM,Wheat excluding durum,,,,,198.57,,213.32,224.02,234.33,,11/7/2022 9:30:30 AM
98694,12/1/1995 12:00:00 AM,Wheat excluding durum,,,,,238.32,,225.12,230.62,239.55,,11/7/2022 9:30:30 AM
98695,1/1/1996 12:00:00 AM,Wheat excluding durum,,,,,239.32,,230.17,238.79,239.87,,11/7/2022 9:30:30 AM
98696,2/1/1996 12:00:00 AM,Wheat excluding durum,,,,,239.32,,230.17,244.69,247.54,,11/7/2022 9:30:30 AM
98697,3/1/1996 12:00:00 AM,Wheat excluding durum,,,,,239.32,,238.32,217.64,261.45,,11/7/2022 9:30:30 AM
98698,4/1/1996 12:00:00 AM,Wheat excluding durum,,,,,239.32,,251.81,242.04,259.62,,11/7/2022 9:30:30 AM
98699,5/1/1996 12:00:00 AM,Wheat excluding durum,,,,,239.32,,248.32,243.74,287.65,,11/7/2022 9:30:30 AM
98700,6/1/1996 12:00:00 AM,Wheat excluding durum,,,,,239.32,,248.32,244.59,299.05,,11/7/2022 9:30:30 AM
98701,7/1/1996 12:00:00 AM,Wheat excluding durum,,,,,239.32,,266.32,249.75,283.81,,11/7/2022 9:30:30 AM
98702,8/1/1996 12:00:00 AM,Wheat excluding durum,,,,,189.34,,247.33,208.49,219.07,,11/7/2022 9:30:30 AM
98703,9/1/1996 12:00:00 AM,Wheat excluding durum,,,,,193.16,,221.91,209.5,215.68,,11/7/2022 9:30:30 AM
98704,10/1/1996 12:00:00 AM,Wheat excluding durum,,,,,193.16,,210.41,206.76,205.63,,11/7/2022 9:30:30 AM
98705,11/1/1996 12:00:00 AM,Wheat excluding durum,,,,,193.16,,201.83,204.09,202.83,,11/7/2022 9:30:30 AM
98706,12/1/1996 12:00:00 AM,Wheat excluding durum,,,,,194.34,,201.91,205.66,195.93,,11/7/2022 9:30:30 AM
98707,1/1/1997 12:00:00 AM,Wheat excluding durum,,,,,196.84,,201.91,207.59,188.48,,11/7/2022 9:30:30 AM
98708,2/1/1997 12:00:00 AM,Wheat excluding durum,,,,,196.84,,206.8,203.81,189.53,,11/7/2022 9:30:30 AM
98709,3/1/1997 12:00:00 AM,Wheat excluding durum,,,,,199.34,,206.83,196.89,187.74,,11/7/2022 9:30:30 AM
98710,4/1/1997 12:00:00 AM,Wheat excluding durum,,,,,196.84,,204.33,201.5,183.46,,11/7/2022 9:30:30 AM
98711,5/1/1997 12:00:00 AM,Wheat excluding durum,,,,,189.34,,201.83,205.09,179.31,,11/7/2022 9:30:30 AM
98712,6/1/1997 12:00:00 AM,Wheat excluding durum,,,,,199.34,,206.83,197.62,167.68,,11/7/2022 9:30:30 AM
98713,7/1/1997 12:00:00 AM,Wheat excluding durum,,,,,189.34,,206.83,199.31,174.55,,11/7/2022 9:30:30 AM
98714,8/1/1997 12:00:00 AM,Wheat excluding durum,,,,,171.71,,186.75,177.37,172.91,,11/7/2022 9:30:30 AM
98715,9/1/1997 12:00:00 AM,Wheat excluding durum,,,,,167.71,,187.75,169.87,176.77,,11/7/2022 9:30:30 AM
98716,10/1/1997 12:00:00 AM,Wheat excluding durum,,,,,186.21,,192.75,173.37,175.86,,11/7/2022 9:30:30 AM
98717,11/1/1997 12:00:00 AM,Wheat excluding durum,,,,,184.21,,187.75,171.87,171.3,,11/7/2022 9:30:30 AM
98718,12/1/1997 12:00:00 AM,Wheat excluding durum,,,,,180.21,,190.25,178.87,181.28,,11/7/2022 9:30:30 AM
98719,1/1/1998 12:00:00 AM,Wheat excluding durum,,,,,186.81,,194.27,167.82,176.26,,11/7/2022 9:30:30 AM
98720,2/1/1998 12:00:00 AM,Wheat excluding durum,,,,,186.81,,187.9,173.05,177.22,,11/7/2022 9:30:30 AM
98721,3/1/1998 12:00:00 AM,Wheat excluding durum,,,,,186.81,,171.97,177.64,173.49,,11/7/2022 9:30:30 AM
98722,4/1/1998 12:00:00 AM,Wheat excluding durum,,,,,160,,197.45,179.17,171.06,,11/7/2022 9:30:30 AM
98723,5/1/1998 12:00:00 AM,Wheat excluding durum,,,,,186.81,,175,165,171.01,,11/7/2022 9:30:30 AM
98724,6/1/1998 12:00:00 AM,Wheat excluding durum,,,,,186.81,,183,169,171.03,,11/7/2022 9:30:30 AM
98725,7/1/1998 12:00:00 AM,Wheat excluding durum,,,,,186.81,,161,176.11,168.4,,11/7/2022 9:30:30 AM
98726,8/1/1998 12:00:00 AM,Wheat excluding durum,,,,,144.44,,149.35,122.08,151.91,,11/7/2022 9:30:30 AM
98727,9/1/1998 12:00:00 AM,Wheat excluding durum,,,,,136.11,,132.03,121.83,158.77,,11/7/2022 9:30:30 AM
98728,10/1/1998 12:00:00 AM,Wheat excluding durum,,,,,150,,128.79,152.05,160.07,,11/7/2022 9:30:30 AM
98729,11/1/1998 12:00:00 AM,Wheat excluding durum,,,,,194.44,,140.69,154.97,151.82,,11/7/2022 9:30:30 AM
98730,12/1/1998 12:00:00 AM,Wheat excluding durum,,,,,183.33,,171,148.39,145.18,,11/7/2022 9:30:30 AM
98731,1/1/1999 12:00:00 AM,Wheat excluding durum,,,,,144.44,,171,173.98,139.01,,11/7/2022 9:30:30 AM
98732,2/1/1999 12:00:00 AM,Wheat excluding durum,,,,,144.44,,173.16,153.51,142.58,,11/7/2022 9:30:30 AM
98733,3/1/1999 12:00:00 AM,Wheat excluding durum,,,,,155.56,,173.16,162.28,142.71,,11/7/2022 9:30:30 AM
98734,4/1/1999 12:00:00 AM,Wheat excluding durum,,,,,145,,168.83,172.51,140.05,,11/7/2022 9:30:30 AM
98735,5/1/1999 12:00:00 AM,Wheat excluding durum,,,,,144.44,,170,171,137.07,,11/7/2022 9:30:30 AM
98736,6/1/1999 12:00:00 AM,Wheat excluding durum,,,,,144.44,,165,167,141.99,,11/7/2022 9:30:30 AM
98737,7/1/1999 12:00:00 AM,Wheat excluding durum,,,,,144.44,,165,153.51,137.46,,11/7/2022 9:30:30 AM
98738,8/1/1999 12:00:00 AM,Wheat excluding durum,,,,,150.41,,166.12,152.72,148.19,,11/7/2022 9:30:30 AM
98739,9/1/1999 12:00:00 AM,Wheat excluding durum,,,,,171.81,,157.72,161.35,153.5,,11/7/2022 9:30:30 AM
98740,10/1/1999 12:00:00 AM,Wheat excluding durum,,,,,181.82,,156.25,161.87,150.48,,11/7/2022 9:30:30 AM
98741,11/1/1999 12:00:00 AM,Wheat excluding durum,,,,,166.67,,150,152.88,142.72,,11/7/2022 9:30:30 AM
98742,12/1/1999 12:00:00 AM,Wheat excluding durum,,,,,166.67,,156.25,153.15,144.66,,11/7/2022 9:30:30 AM
98743,1/1/2000 12:00:00 AM,Wheat excluding durum,,,,,160.28,,156.25,147.15,148.16,,11/7/2022 9:30:30 AM
98744,2/1/2000 12:00:00 AM,Wheat excluding durum,,,,,151.52,,156.25,162.5,139.77,,11/7/2022 9:30:30 AM
98745,3/1/2000 12:00:00 AM,Wheat excluding durum,,,,,166.67,,187.5,157.3,144.98,,11/7/2022 9:30:30 AM
98746,4/1/2000 12:00:00 AM,Wheat excluding durum,,,,,179.92,,181.82,160.56,151.32,,11/7/2022 9:30:30 AM
98747,5/1/2000 12:00:00 AM,Wheat excluding durum,,,,,151.52,,187.5,149.81,138.22,,11/7/2022 9:30:30 AM
98748,6/1/2000 12:00:00 AM,Wheat excluding durum,,,,,158.54,,187.5,155.53,158.35,,11/7/2022 9:30:30 AM
98749,7/1/2000 12:00:00 AM,Wheat excluding durum,,,,,160.87,,173.47,150.73,140.17,,11/7/2022 9:30:30 AM
98750,8/1/2000 12:00:00 AM,Wheat excluding durum,,,,,143.13,,135.06,127.04,143.33,,11/7/2022 9:30:30 AM
98751,9/1/2000 12:00:00 AM,Wheat excluding durum,,,,,163,,152.46,138.21,140.4,,11/7/2022 9:30:30 AM
98752,10/1/2000 12:00:00 AM,Wheat excluding durum,,,,,146.1,,158.33,133.91,148.35,,11/7/2022 9:30:30 AM
98753,11/1/2000 12:00:00 AM,Wheat excluding durum,,,,,171.21,,184.05,144.42,150.07,,11/7/2022 9:30:30 AM
98754,12/1/2000 12:00:00 AM,Wheat excluding durum,,,,,194.81,,181.99,150.49,154.56,,11/7/2022 9:30:30 AM
98755,1/1/2001 12:00:00 AM,Wheat excluding durum,,,,,184.85,,185.15,158.69,144.96,,11/7/2022 9:30:30 AM
98756,2/1/2001 12:00:00 AM,Wheat excluding durum,,,,,181.82,,184.21,164.53,145.04,,11/7/2022 9:30:30 AM
98757,3/1/2001 12:00:00 AM,Wheat excluding durum,,,,,181.82,,193.63,166.95,137.06,,11/7/2022 9:30:30 AM
98758,4/1/2001 12:00:00 AM,Wheat excluding durum,,,,,190.91,,191.3,151.79,144.89,,11/7/2022 9:30:30 AM
98759,5/1/2001 12:00:00 AM,Wheat excluding durum,,,,,188.17,,189.14,165.99,151.4,,11/7/2022 9:30:30 AM
98760,6/1/2001 12:00:00 AM,Wheat excluding durum,,,,,187.01,,194.49,165.99,146.16,,11/7/2022 9:30:30 AM
98761,7/1/2001 12:00:00 AM,Wheat excluding durum,,,,,190.8,,200.27,165.99,150.88,,11/7/2022 9:30:30 AM
98762,8/1/2001 12:00:00 AM,Wheat excluding durum,,,,,192.83,,169.04,150.5,150.24,,11/7/2022 9:30:30 AM
98763,9/1/2001 12:00:00 AM,Wheat excluding durum,,,,,186.89,,172.83,160.88,158.88,,11/7/2022 9:30:30 AM
98764,10/1/2001 12:00:00 AM,Wheat excluding durum,,,,,200,,195.37,157.02,160.21,,11/7/2022 9:30:30 AM
98765,11/1/2001 12:00:00 AM,Wheat excluding durum,,,,,185,,212,166,161.3,,11/7/2022 9:30:30 AM
98766,12/1/2001 12:00:00 AM,Wheat excluding durum,,,,,190,,187.26,175,161.1,,11/7/2022 9:30:30 AM
98767,1/1/2002 12:00:00 AM,Wheat excluding durum,,,,,190,,198.73,179.35,167.65,,11/7/2022 9:30:30 AM
98768,2/1/2002 12:00:00 AM,Wheat excluding durum,,,,,185,,198.94,182.24,175.33,,11/7/2022 9:30:30 AM
98769,3/1/2002 12:00:00 AM,Wheat excluding durum,,,,,195,,222,182.15,182.74,,11/7/2022 9:30:30 AM
98770,4/1/2002 12:00:00 AM,Wheat excluding durum,,,,,190,,200.22,176.17,179.44,,11/7/2022 9:30:30 AM
98771,5/1/2002 12:00:00 AM,Wheat excluding durum,,,,,184.8,,217,186,185.19,,11/7/2022 9:30:30 AM
98772,6/1/2002 12:00:00 AM,Wheat excluding durum,,,,,206,,209,186,182.44,,11/7/2022 9:30:30 AM
98773,7/1/2002 12:00:00 AM,Wheat excluding durum,,,,,192.34,,221,184,192.89,,11/7/2022 9:30:30 AM
98774,8/1/2002 12:00:00 AM,Wheat excluding durum,,,,,184,,180,159,182.41,,11/7/2022 9:30:30 AM
98775,9/1/2002 12:00:00 AM,Wheat excluding durum,,,,,160,,171,158,196.69,,11/7/2022 9:30:30 AM
98776,10/1/2002 12:00:00 AM,Wheat excluding durum,,,,,166,,249,173,209.04,,11/7/2022 9:30:30 AM
98777,11/1/2002 12:00:00 AM,Wheat excluding durum,,,,,166,,250,175,188.87,,11/7/2022 9:30:30 AM
98778,12/1/2002 12:00:00 AM,Wheat excluding durum,,,,,170,,215,175,194.89,,11/7/2022 9:30:30 AM
98779,1/1/2003 12:00:00 AM,Wheat excluding durum,,,,,180,,205,179,188.79,,11/7/2022 9:30:30 AM
98780,2/1/2003 12:00:00 AM,Wheat excluding durum,,,,,175,,203,188,199.79,,11/7/2022 9:30:30 AM
98781,3/1/2003 12:00:00 AM,Wheat excluding durum,,,,,185,,203,185,195.71,,11/7/2022 9:30:30 AM
98782,4/1/2003 12:00:00 AM,Wheat excluding durum,,,,,199,,210,181,197.21,,11/7/2022 9:30:30 AM
98783,5/1/2003 12:00:00 AM,Wheat excluding durum,,,,,203,,214,181,191.1,,11/7/2022 9:30:30 AM
98784,6/1/2003 12:00:00 AM,Wheat excluding durum,,,,,200,,218,183,181.5,,11/7/2022 9:30:30 AM
98785,7/1/2003 12:00:00 AM,Wheat excluding durum,,,,,200,,217,167,179.72,,11/7/2022 9:30:30 AM
98786,8/1/2003 12:00:00 AM,Wheat excluding durum,,,,,179,,186,149,145.89,,11/7/2022 9:30:30 AM
98787,9/1/2003 12:00:00 AM,Wheat excluding durum,,,,,191,,200,162,160.8,,11/7/2022 9:30:30 AM
98788,10/1/2003 12:00:00 AM,Wheat excluding durum,,,,,200,,217,160,144.72,,11/7/2022 9:30:30 AM
98789,11/1/2003 12:00:00 AM,Wheat excluding durum,,,,,205,,199,169,162.89,,11/7/2022 9:30:30 AM
98790,12/1/2003 12:00:00 AM,Wheat excluding durum,,,,,203,,200,173,152.13,,11/7/2022 9:30:30 AM
98791,1/1/2004 12:00:00 AM,Wheat excluding durum,,,,,190,,200,165,152.45,,11/7/2022 9:30:30 AM
98792,2/1/2004 12:00:00 AM,Wheat excluding durum,,,,,215,,200,167,162.55,,11/7/2022 9:30:30 AM
98793,3/1/2004 12:00:00 AM,Wheat excluding durum,,,,,215,,200,167,157.95,,11/7/2022 9:30:30 AM
98794,4/1/2004 12:00:00 AM,Wheat excluding durum,,,,,210,,220,173,166.18,,11/7/2022 9:30:30 AM
98795,5/1/2004 12:00:00 AM,Wheat excluding durum,,,,,205,,222,171,166.37,,11/7/2022 9:30:30 AM
98796,6/1/2004 12:00:00 AM,Wheat excluding durum,,,,,225,,229,171,162.35,,11/7/2022 9:30:30 AM
98797,7/1/2004 12:00:00 AM,Wheat excluding durum,,,,,235,,235,169,171.43,,11/7/2022 9:30:30 AM
98798,8/1/2004 12:00:00 AM,Wheat excluding durum,,,,,221,,225,165,137.33,,11/7/2022 9:30:30 AM
98799,9/1/2004 12:00:00 AM,Wheat excluding durum,,,,,218,,207,153,141.08,,11/7/2022 9:30:30 AM
98800,10/1/2004 12:00:00 AM,Wheat excluding durum,,,,,175,,204,143,142.07,,11/7/2022 9:30:30 AM
98801,11/1/2004 12:00:00 AM,Wheat excluding durum,,,,,165,,180,145,147.03,,11/7/2022 9:30:30 AM
98802,12/1/2004 12:00:00 AM,Wheat excluding durum,,,,,155,,160,144,144.5,,11/7/2022 9:30:30 AM
98803,1/1/2005 12:00:00 AM,Wheat excluding durum,,,,,145,,150,142,134.46,,11/7/2022 9:30:30 AM
98804,2/1/2005 12:00:00 AM,Wheat excluding durum,,,,,129,,150,146,137.66,,11/7/2022 9:30:30 AM
98805,3/1/2005 12:00:00 AM,Wheat excluding durum,,,,,135,,150,148,137.73,,11/7/2022 9:30:30 AM
98806,4/1/2005 12:00:00 AM,Wheat excluding durum,,,,,140,,150,142,125.92,,11/7/2022 9:30:30 AM
98807,5/1/2005 12:00:00 AM,Wheat excluding durum,,,,,140,,150,140,130.8,,11/7/2022 9:30:30 AM
98808,6/1/2005 12:00:00 AM,Wheat excluding durum,,,,,145,,150,150,132.67,,11/7/2022 9:30:30 AM
98809,7/1/2005 12:00:00 AM,Wheat excluding durum,,,,,145,,150,149,130,,11/7/2022 9:30:30 AM
98810,8/1/2005 12:00:00 AM,Wheat excluding durum,,,,,125,,152,128,107.27,,11/7/2022 9:30:30 AM
98811,9/1/2005 12:00:00 AM,Wheat excluding durum,,,,,120,,133,146,111.81,,11/7/2022 9:30:30 AM
98812,10/1/2005 12:00:00 AM,Wheat excluding durum,,,,,115,,130,145,150.88,,11/7/2022 9:30:30 AM
98813,11/1/2005 12:00:00 AM,Wheat excluding durum,,,,,110,,130,145,120.56,,11/7/2022 9:30:30 AM
98814,12/1/2005 12:00:00 AM,Wheat excluding durum,,,,,105,,130,150,126.34,,11/7/2022 9:30:30 AM
98815,1/1/2006 12:00:00 AM,Wheat excluding durum,,,,,110,,135,154,143.92,,11/7/2022 9:30:30 AM
98816,2/1/2006 12:00:00 AM,Wheat excluding durum,,,,,110,,140,142,147.67,,11/7/2022 9:30:30 AM
98817,3/1/2006 12:00:00 AM,Wheat excluding durum,,,,,110,,150,138,162.16,,11/7/2022 9:30:30 AM
98818,4/1/2006 12:00:00 AM,Wheat excluding durum,,,,,110,,165,138,149.99,,11/7/2022 9:30:30 AM
98819,5/1/2006 12:00:00 AM,Wheat excluding durum,,,,,130,,168,185,144.12,,11/7/2022 9:30:30 AM
98820,6/1/2006 12:00:00 AM,Wheat excluding durum,,,,,140,,173,176,146.37,,11/7/2022 9:30:30 AM
98821,7/1/2006 12:00:00 AM,Wheat excluding durum,,,,,145,,175,188,140.28,,11/7/2022 9:30:30 AM
98822,8/1/2006 12:00:00 AM,Wheat excluding durum,,,,,176,,152,160,181.1,,11/7/2022 9:30:30 AM
98823,9/1/2006 12:00:00 AM,Wheat excluding durum,,,,,170,,150,165,171.82,,11/7/2022 9:30:30 AM
98824,10/1/2006 12:00:00 AM,Wheat excluding durum,,,,,170,,170,168,182.06,,11/7/2022 9:30:30 AM
98825,11/1/2006 12:00:00 AM,Wheat excluding durum,,,,,170,,201,180,170.64,,11/7/2022 9:30:30 AM
98826,12/1/2006 12:00:00 AM,Wheat excluding durum,,,,,180,,197,180,180.08,,11/7/2022 9:30:30 AM
98827,1/1/2007 12:00:00 AM,Wheat excluding durum,,,,,185,,205,185,187.83,,11/7/2022 9:30:30 AM
98828,2/1/2007 12:00:00 AM,Wheat excluding durum,,,,,185,,204,190,191.16,,11/7/2022 9:30:30 AM
98829,3/1/2007 12:00:00 AM,Wheat excluding durum,,,,,190,,211,209,189.95,,11/7/2022 9:30:30 AM
98830,4/1/2007 12:00:00 AM,Wheat excluding durum,,,,,208,,218,212,189.87,,11/7/2022 9:30:30 AM
98831,5/1/2007 12:00:00 AM,Wheat excluding durum,,,,,210,,228,212,187.03,,11/7/2022 9:30:30 AM
98832,6/1/2007 12:00:00 AM,Wheat excluding durum,,,,,180,,232,209,188.25,,11/7/2022 9:30:30 AM
98833,7/1/2007 12:00:00 AM,Wheat excluding durum,,,,,180,,230,205,195.2,,11/7/2022 9:30:30 AM
98834,8/1/2007 12:00:00 AM,Wheat excluding durum,,,,,185,,200,175,231.2,,11/7/2022 9:30:30 AM
98835,9/1/2007 12:00:00 AM,Wheat excluding durum,,,,,185,,184,182,253.07,,11/7/2022 9:30:30 AM
98836,10/1/2007 12:00:00 AM,Wheat excluding durum,,,,,175,,196,213,252.04,,11/7/2022 9:30:30 AM
98837,11/1/2007 12:00:00 AM,Wheat excluding durum,,,,,180,,245,221,218.86,,11/7/2022 9:30:30 AM
98838,12/1/2007 12:00:00 AM,Wheat excluding durum,,,,,190,,256,248,244.51,,11/7/2022 9:30:30 AM
98839,1/1/2008 12:00:00 AM,Wheat excluding durum,,,,,205,,248,252,286.27,,11/7/2022 9:30:30 AM
98840,2/1/2008 12:00:00 AM,Wheat excluding durum,,,,,260,,259,246,292.25,,11/7/2022 9:30:30 AM
98841,3/1/2008 12:00:00 AM,Wheat excluding durum,,,,,292,,248,292,296.85,,11/7/2022 9:30:30 AM
98842,4/1/2008 12:00:00 AM,Wheat excluding durum,,,,,275,,284,263,303.95,,11/7/2022 9:30:30 AM
98843,5/1/2008 12:00:00 AM,Wheat excluding durum,,,,,275,,283,261,299.18,,11/7/2022 9:30:30 AM
98844,6/1/2008 12:00:00 AM,Wheat excluding durum,,,,,260,,275,231,303.09,,11/7/2022 9:30:30 AM
98845,7/1/2008 12:00:00 AM,Wheat excluding durum,,,,,259,,281,283,316.46,,11/7/2022 9:30:30 AM
98846,8/1/2008 12:00:00 AM,Wheat excluding durum,,,,,237,,251,274,218,,11/7/2022 9:30:30 AM
98847,9/1/2008 12:00:00 AM,Wheat excluding durum,,,,,225,,249,269,226.27,,11/7/2022 9:30:30 AM
98848,10/1/2008 12:00:00 AM,Wheat excluding durum,,,,,230,,223,266,246.71,,11/7/2022 9:30:30 AM
98849,11/1/2008 12:00:00 AM,Wheat excluding durum,,,,,250,,262,265,257.57,,11/7/2022 9:30:30 AM
98850,12/1/2008 12:00:00 AM,Wheat excluding durum,,,,,235,,243,270,276.04,,11/7/2022 9:30:30 AM
98851,1/1/2009 12:00:00 AM,Wheat excluding durum,,,,,220,,240,280,259.53,,11/7/2022 9:30:30 AM
98852,2/1/2009 12:00:00 AM,Wheat excluding durum,,,,,228,,237,270,240.65,,11/7/2022 9:30:30 AM
98853,3/1/2009 12:00:00 AM,Wheat excluding durum,,,,,223,,231,250,226.11,,11/7/2022 9:30:30 AM
98854,4/1/2009 12:00:00 AM,Wheat excluding durum,,,,,211,,234,240,224.93,,11/7/2022 9:30:30 AM
98855,5/1/2009 12:00:00 AM,Wheat excluding durum,,,,,211,,229,230,230.6,,11/7/2022 9:30:30 AM
98856,6/1/2009 12:00:00 AM,Wheat excluding durum,,,,,213,,243,220,224.79,,11/7/2022 9:30:30 AM
98857,7/1/2009 12:00:00 AM,Wheat excluding durum,,,,,219,,231,219,206.59,,11/7/2022 9:30:30 AM
98858,8/1/2009 12:00:00 AM,Wheat excluding durum,,,,,210,,224,212,154.94,,11/7/2022 9:30:30 AM
98859,9/1/2009 12:00:00 AM,Wheat excluding durum,,,,,207,,236,182,160.17,,11/7/2022 9:30:30 AM
98860,10/1/2009 12:00:00 AM,Wheat excluding durum,,,,,195,,224,184,150.72,,11/7/2022 9:30:30 AM
98861,11/1/2009 12:00:00 AM,Wheat excluding durum,,,,,195,,223,193,157.5,,11/7/2022 9:30:30 AM
98862,12/1/2009 12:00:00 AM,Wheat excluding durum,,,,,200,,221,212,189.83,,11/7/2022 9:30:30 AM
98863,1/1/2010 12:00:00 AM,Wheat excluding durum,,,,,205,,219,216,128.83,,11/7/2022 9:30:30 AM
98864,2/1/2010 12:00:00 AM,Wheat excluding durum,,,,,205,,224,213,122.71,,11/7/2022 9:30:30 AM
98865,3/1/2010 12:00:00 AM,Wheat excluding durum,,,,,210,,225,222,127.51,,11/7/2022 9:30:30 AM
98866,4/1/2010 12:00:00 AM,Wheat excluding durum,,,,,210,,220,218,133.56,,11/7/2022 9:30:30 AM
98867,5/1/2010 12:00:00 AM,Wheat excluding durum,,,,,210,,220,201,146.56,,11/7/2022 9:30:30 AM
98868,6/1/2010 12:00:00 AM,Wheat excluding durum,,,,,210,,229,194,131.14,,11/7/2022 9:30:30 AM
98869,7/1/2010 12:00:00 AM,Wheat excluding durum,,,,,210,,223,185,144.43,,11/7/2022 9:30:30 AM
98870,8/1/2010 12:00:00 AM,Wheat excluding durum,,,,,210,,216,200,121.43,,11/7/2022 9:30:30 AM
98871,9/1/2010 12:00:00 AM,Wheat excluding durum,,,,,220,,225,235,117.76,,11/7/2022 9:30:30 AM
98872,10/1/2010 12:00:00 AM,Wheat excluding durum,,,,,220,,225,245,145.78,,11/7/2022 9:30:30 AM
98873,11/1/2010 12:00:00 AM,Wheat excluding durum,,,,,225,,230,245,135.47,,11/7/2022 9:30:30 AM
98874,12/1/2010 12:00:00 AM,Wheat excluding durum,,,,,230,,225,245,148.66,,11/7/2022 9:30:30 AM
98875,1/1/2011 12:00:00 AM,Wheat excluding durum,,,,,235,,235,245,150.88,,11/7/2022 9:30:30 AM
98876,2/1/2011 12:00:00 AM,Wheat excluding durum,,,,,240,,241,240,173,,11/7/2022 9:30:30 AM
98877,3/1/2011 12:00:00 AM,Wheat excluding durum,,,,,230,,254,240,170.58,,11/7/2022 9:30:30 AM
98878,4/1/2011 12:00:00 AM,Wheat excluding durum,,,,,200,,260,236,216.58,,11/7/2022 9:30:30 AM
98879,5/1/2011 12:00:00 AM,Wheat excluding durum,,,,,235,,278,265,202.26,,11/7/2022 9:30:30 AM
98880,6/1/2011 12:00:00 AM,Wheat excluding durum,,,,,245,,272,272,180.18,,11/7/2022 9:30:30 AM
98881,7/1/2011 12:00:00 AM,Wheat excluding durum,,,,,260,,285,268,182.82,,11/7/2022 9:30:30 AM
98882,8/1/2011 12:00:00 AM,Wheat excluding durum,,,,,265,,270,271,239.03,,11/7/2022 9:30:30 AM
98883,9/1/2011 12:00:00 AM,Wheat excluding durum,,,,,268,,268,271,239.9,,11/7/2022 9:30:30 AM
98884,10/1/2011 12:00:00 AM,Wheat excluding durum,,,,,270,,265,269,248.31,,11/7/2022 9:30:30 AM
98885,11/1/2011 12:00:00 AM,Wheat excluding durum,,,,,270,,265,269,265.64,,11/7/2022 9:30:30 AM
98886,12/1/2011 12:00:00 AM,Wheat excluding durum,,,,,272,,262,265,228.11,,11/7/2022 9:30:30 AM
98887,1/1/2012 12:00:00 AM,Wheat excluding durum,,,,,275,,270,270,244.46,,11/7/2022 9:30:30 AM
98888,2/1/2012 12:00:00 AM,Wheat excluding durum,,,,,270,,272,270,225.88,,11/7/2022 9:30:30 AM
98889,3/1/2012 12:00:00 AM,Wheat excluding durum,,,,,265,,270,260,235.19,,11/7/2022 9:30:30 AM
98890,4/1/2012 12:00:00 AM,Wheat excluding durum,,,,,260,,265,260,250.39,,11/7/2022 9:30:30 AM
98891,5/1/2012 12:00:00 AM,Wheat excluding durum,,,,,263,,268,265,245.26,,11/7/2022 9:30:30 AM
98892,6/1/2012 12:00:00 AM,Wheat excluding durum,,,,,267,,270,268,246.41,,11/7/2022 9:30:30 AM
98893,7/1/2012 12:00:00 AM,Wheat excluding durum,,,,,272,,275,275,278.24,,11/7/2022 9:30:30 AM
98894,8/1/2012 12:00:00 AM,Wheat excluding durum,273.83,,261.44,,278,,280,280,308.18,262.29,11/7/2022 9:30:30 AM
98895,9/1/2012 12:00:00 AM,Wheat excluding durum,283.7,,282.1,,280,,282,285,315.04,277.54,11/7/2022 9:30:30 AM
98896,10/1/2012 12:00:00 AM,Wheat excluding durum,279.64,,292.1,,288,,290,287,315.89,279.27,11/7/2022 9:30:30 AM
98897,11/1/2012 12:00:00 AM,Wheat excluding durum,287.72,,302.84,,289,,290,289,312.9,287.61,11/7/2022 9:30:30 AM
98898,12/1/2012 12:00:00 AM,Wheat excluding durum,288.71,,307.37,,281,,282,272,319.95,290.37,11/7/2022 9:30:30 AM
98899,1/1/2013 12:00:00 AM,Wheat excluding durum,294.19,,298.84,,285,,285,282,315.02,291.15,11/7/2022 9:30:30 AM
98900,2/1/2013 12:00:00 AM,Wheat excluding durum,293.8,,292.94,,288,,288,285,310.39,282.6,11/7/2022 9:30:30 AM
98901,3/1/2013 12:00:00 AM,Wheat excluding durum,294.57,,291.02,,285,,282,288,301.6,285.06,11/7/2022 9:30:30 AM
98902,4/1/2013 12:00:00 AM,Wheat excluding durum,295.11,,285.11,,280,,278,284,294.37,282.84,11/7/2022 9:30:30 AM
98903,5/1/2013 12:00:00 AM,Wheat excluding durum,292.46,,287.27,,269,,270,271,279.19,282.93,11/7/2022 9:30:30 AM
98904,6/1/2013 12:00:00 AM,Wheat excluding durum,287.04,,282.35,,270,,278,268,292.97,275.28,11/7/2022 9:30:30 AM
98905,7/1/2013 12:00:00 AM,Wheat excluding durum,275.38,,271.29,,263,,270,262,285.05,264.99,11/7/2022 9:30:30 AM
98906,8/1/2013 12:00:00 AM,Durum,284.34,,,,,,,,,286.54,11/7/2022 9:30:30 AM
98907,8/1/2013 12:00:00 AM,Wheat excluding durum,257.42,,251.9,,250,,251,249,246.36,248.65,11/7/2022 9:30:30 AM
98908,9/1/2013 12:00:00 AM,Durum,270.73,,,,,,,,,264.61,11/7/2022 9:30:30 AM
98909,9/1/2013 12:00:00 AM,Wheat excluding durum,245.77,,249.83,,253.25,,241.5,265,242.23,231.04,11/7/2022 9:30:30 AM
98910,10/1/2013 12:00:00 AM,Durum,255.56,,,,,,,,,248.08,11/7/2022 9:30:30 AM
98911,10/1/2013 12:00:00 AM,Wheat excluding durum,244.91,,245.54,,258.6,,260.2,257,229.06,234.04,11/7/2022 9:30:30 AM
98912,11/1/2013 12:00:00 AM,Durum,235.6,,,,,,,,,237.68,11/7/2022 9:30:30 AM
98913,11/1/2013 12:00:00 AM,Wheat excluding durum,241.45,,241.35,,258.88,,266.5,251.25,234.36,229.05,11/7/2022 9:30:30 AM
98914,12/1/2013 12:00:00 AM,Durum,234.86,,,,,,,,,222.08,11/7/2022 9:30:30 AM
98915,12/1/2013 12:00:00 AM,Wheat excluding durum,233.94,,232.97,,261.06,,269.9,250,234.15,222.72,11/7/2022 9:30:30 AM
98916,1/1/2014 12:00:00 AM,Durum,217.92,,,,,,,,,218.4,11/7/2022 9:30:30 AM
98917,1/1/2014 12:00:00 AM,Wheat excluding durum,226.77,,229.53,,260.89,,279.5,246,231.21,214.49,11/7/2022 9:30:30 AM
98918,2/1/2014 12:00:00 AM,Durum,224.62,,,,,,,,,214.04,11/7/2022 9:30:30 AM
98919,2/1/2014 12:00:00 AM,Wheat excluding durum,221.75,,213.57,,265.38,,285.75,245,233.35,210.63,11/7/2022 9:30:30 AM
98920,3/1/2014 12:00:00 AM,Durum,198.01,,,,,,,,,213.48,11/7/2022 9:30:30 AM
98921,3/1/2014 12:00:00 AM,Wheat excluding durum,219.9,,216.64,,261.33,,294,245,247.97,206.56,11/7/2022 9:30:30 AM
98922,4/1/2014 12:00:00 AM,Durum,205.19,,,,,,,,,209.14,11/7/2022 9:30:30 AM
98923,4/1/2014 12:00:00 AM,Wheat excluding durum,212.41,,215.37,,280.69,,312.63,248.75,266.58,204.23,11/7/2022 9:30:30 AM
98924,5/1/2014 12:00:00 AM,Durum,212.66,,,,,,,,,215.62,11/7/2022 9:30:30 AM
98925,5/1/2014 12:00:00 AM,Wheat excluding durum,212.72,,221.11,,283.06,,318.13,255,259.31,201.5,11/7/2022 9:30:30 AM
98926,6/1/2014 12:00:00 AM,Durum,223.49,,,,,,,,,221.57,11/7/2022 9:30:30 AM
98927,6/1/2014 12:00:00 AM,Wheat excluding durum,206.03,,219.15,,279.06,,298.3,255,265.02,196.35,11/7/2022 9:30:30 AM
98928,7/1/2014 12:00:00 AM,Durum,224.78,,,,,,,,,223.13,11/7/2022 9:30:30 AM
98929,7/1/2014 12:00:00 AM,Wheat excluding durum,196.29,,212.85,,257,,261,247.82,266.76,193.28,11/7/2022 9:30:30 AM
98930,8/1/2014 12:00:00 AM,Durum,233.93,,,,,,,,,231.16,11/7/2022 9:30:30 AM
98931,8/1/2014 12:00:00 AM,Wheat excluding durum,192.86,,208.19,,234.06,,231,207.15,248.04,189.18,11/7/2022 9:30:30 AM
98932,9/1/2014 12:00:00 AM,Durum,244.97,,,,,,,,,234.34,11/7/2022 9:30:30 AM
98933,9/1/2014 12:00:00 AM,Wheat excluding durum,196.08,,203.72,,222.97,,230.41,207.39,239.53,186.55,11/7/2022 9:30:30 AM
98934,10/1/2014 12:00:00 AM,Durum,266.67,,,,,,,,,250.31,11/7/2022 9:30:30 AM
98935,10/1/2014 12:00:00 AM,Wheat excluding durum,198.84,,211.23,,221.83,,240.29,230,241.75,193.53,11/7/2022 9:30:30 AM
98936,11/1/2014 12:00:00 AM,Durum,336.9,,,,,,,,,313.74,11/7/2022 9:30:30 AM
98937,11/1/2014 12:00:00 AM,Wheat excluding durum,204.41,,212.9,,227.77,,250.97,228.75,248.72,193.86,11/7/2022 9:30:30 AM
98938,12/1/2014 12:00:00 AM,Durum,354.13,,,,,,,,,318.75,11/7/2022 9:30:30 AM
98939,12/1/2014 12:00:00 AM,Wheat excluding durum,209.22,,218.82,,233.3,,259.22,235,265.99,201.1,11/7/2022 9:30:30 AM
98940,1/1/2015 12:00:00 AM,Durum,374.76,,,,,,,,,330.3,11/7/2022 9:30:30 AM
98941,1/1/2015 12:00:00 AM,Wheat excluding durum,212.58,,217.71,,237.96,,270.54,240.71,275.79,201.01,11/7/2022 9:30:30 AM
98942,2/1/2015 12:00:00 AM,Durum,347.83,,,,,,,,,323.74,11/7/2022 9:30:30 AM
98943,2/1/2015 12:00:00 AM,Wheat excluding durum,216.62,,217.37,,242.72,,274.19,245.96,273.05,203.92,11/7/2022 9:30:30 AM
98944,3/1/2015 12:00:00 AM,Durum,346.64,,,,,,,,,312.16,11/7/2022 9:30:30 AM
98945,3/1/2015 12:00:00 AM,Wheat excluding durum,221.62,,219.18,,247.58,,275.71,248.66,269.13,207.52,11/7/2022 9:30:30 AM
98946,4/1/2015 12:00:00 AM,Durum,344.97,,,,,,,,,285.41,11/7/2022 9:30:30 AM
98947,4/1/2015 12:00:00 AM,Wheat excluding durum,220.99,,224.1,,260.64,,274.88,258.14,270.63,202.8,11/7/2022 9:30:30 AM
98948,5/1/2015 12:00:00 AM,Durum,369.32,,,,,,,,,281.61,11/7/2022 9:30:30 AM
98949,5/1/2015 12:00:00 AM,Wheat excluding durum,221.05,,221.34,,257.82,,270.71,254.95,265.88,204.2,11/7/2022 9:30:30 AM
98950,6/1/2015 12:00:00 AM,Durum,324.99,,,,,,,,,266.57,11/7/2022 9:30:30 AM
98951,6/1/2015 12:00:00 AM,Wheat excluding durum,220.22,,220.97,,258.39,,267.21,265.87,272.12,205.09,11/7/2022 9:30:30 AM
98952,7/1/2015 12:00:00 AM,Durum,379.14,,,,,,,,,282.15,11/7/2022 9:30:30 AM
98953,7/1/2015 12:00:00 AM,Wheat excluding durum,229.51,,228.99,,264.9,,263.71,252.96,255.89,214.62,11/7/2022 9:30:30 AM
98954,8/1/2015 12:00:00 AM,Durum,355.17,,,,,,,,,318.86,11/7/2022 9:30:30 AM
98955,8/1/2015 12:00:00 AM,Wheat excluding durum,220.91,,220.1,,250.41,,240.81,219.05,252.76,208.1,11/7/2022 9:30:30 AM
98956,9/1/2015 12:00:00 AM,Durum,343.87,,,,,,,,,327.78,11/7/2022 9:30:30 AM
98957,9/1/2015 12:00:00 AM,Wheat excluding durum,223.95,,223.01,,224.6,,222.28,185.15,245.75,215.9,11/7/2022 9:30:30 AM
98958,10/1/2015 12:00:00 AM,Durum,338.26,,,,,,,,,314.59,11/7/2022 9:30:30 AM
98959,10/1/2015 12:00:00 AM,Wheat excluding durum,225.19,,226.29,,235.48,,245.64,197,239.85,219.23,11/7/2022 9:30:30 AM
98960,11/1/2015 12:00:00 AM,Durum,334.76,,,,,,,,,287.46,11/7/2022 9:30:30 AM
98961,11/1/2015 12:00:00 AM,Wheat excluding durum,226.24,,224.57,,228.16,,256.72,247.46,244.19,220.27,11/7/2022 9:30:30 AM
98962,12/1/2015 12:00:00 AM,Durum,321.49,,,,,,,,,300.91,11/7/2022 9:30:30 AM
98963,12/1/2015 12:00:00 AM,Wheat excluding durum,232.56,,232.89,,250.66,,253.15,244.17,246.5,227.83,11/7/2022 9:30:30 AM
98964,1/1/2016 12:00:00 AM,Durum,332.57,,,,,,,,,304.18,11/7/2022 9:30:30 AM
98965,1/1/2016 12:00:00 AM,Wheat excluding durum,235.32,,231.63,,251.71,,257.46,243.82,245.37,227.53,11/7/2022 9:30:30 AM
98966,2/1/2016 12:00:00 AM,Durum,331.8,,,,,,,,,301.27,11/7/2022 9:30:30 AM
98967,2/1/2016 12:00:00 AM,Wheat excluding durum,231.29,,224.67,,246.3,,261.26,242.52,248.2,225.04,11/7/2022 9:30:30 AM
98968,3/1/2016 12:00:00 AM,Durum,325.92,,,,,,,,,293.47,11/7/2022 9:30:30 AM
98969,3/1/2016 12:00:00 AM,Wheat excluding durum,235.08,,233.15,,252.93,,257.7,248.57,242.89,228.4,11/7/2022 9:30:30 AM
98970,4/1/2016 12:00:00 AM,Durum,315.74,,,,,,,,,283.83,11/7/2022 9:30:30 AM
98971,4/1/2016 12:00:00 AM,Wheat excluding durum,235.17,,231.36,,276.74,,256.33,256.26,235.59,227.35,11/7/2022 9:30:30 AM
98972,5/1/2016 12:00:00 AM,Durum,332.69,,,,,,,,,286.9,11/7/2022 9:30:30 AM
98973,5/1/2016 12:00:00 AM,Wheat excluding durum,243.65,,239.03,,251.62,,257.15,261.7,236.38,231.39,11/7/2022 9:30:30 AM
98974,6/1/2016 12:00:00 AM,Durum,300.92,,,,,,,,,279.53,11/7/2022 9:30:30 AM
98975,6/1/2016 12:00:00 AM,Wheat excluding durum,241.73,,235.65,,257.41,,252.86,245.44,235.2,230.77,11/7/2022 9:30:30 AM
98976,7/1/2016 12:00:00 AM,Durum,285.93,,,,,,,,,266.82,11/7/2022 9:30:30 AM
98977,7/1/2016 12:00:00 AM,Wheat excluding durum,234.27,,229.6,,246.94,,251.54,254.77,239.1,221.77,11/7/2022 9:30:30 AM
98978,8/1/2016 12:00:00 AM,Durum,255.07,,,,,,,,,240.65,11/7/2022 9:30:30 AM
98979,8/1/2016 12:00:00 AM,Wheat excluding durum,217.59,,214.25,,236.58,,214.3,169.21,224.35,205.32,11/7/2022 9:30:30 AM
98980,9/1/2016 12:00:00 AM,Durum,248.87,,,,,,,,,231.63,11/7/2022 9:30:30 AM
98981,9/1/2016 12:00:00 AM,Wheat excluding durum,214.53,,216.6,,241.37,,236.55,171.08,217.25,201.32,11/7/2022 9:30:30 AM
98982,10/1/2016 12:00:00 AM,Durum,264.37,,,,,,,,,240.1,11/7/2022 9:30:30 AM
98983,10/1/2016 12:00:00 AM,Wheat excluding durum,217.13,,221.02,,222.18,,233.81,186.09,213.12,209.98,11/7/2022 9:30:30 AM
98984,11/1/2016 12:00:00 AM,Durum,272.11,,,,,,,,,249.14,11/7/2022 9:30:30 AM
98985,11/1/2016 12:00:00 AM,Wheat excluding durum,222.36,,226.43,,222.34,,234.95,216.17,218.49,215.2,11/7/2022 9:30:30 AM
98986,12/1/2016 12:00:00 AM,Durum,283.14,,,,,,,,,239.63,11/7/2022 9:30:30 AM
98987,12/1/2016 12:00:00 AM,Wheat excluding durum,227.24,,233.29,,212.43,,236.75,213.02,228.83,215.93,11/7/2022 9:30:30 AM
98988,1/1/2017 12:00:00 AM,Durum,285.16,,,,,,,,,226.67,11/7/2022 9:30:30 AM
98989,1/1/2017 12:00:00 AM,Wheat excluding durum,228.99,,235.39,,221.87,,227.86,221.43,230.01,221.69,11/7/2022 9:30:30 AM
98990,2/1/2017 12:00:00 AM,Durum,276.58,,,,,,,,,193.78,11/7/2022 9:30:30 AM
98991,2/1/2017 12:00:00 AM,Wheat excluding durum,222.93,,231.16,,229.59,,225.95,220.72,232.69,220.15,11/7/2022 9:30:30 AM
98992,3/1/2017 12:00:00 AM,Durum,267.94,,,,,,,,,205.53,11/7/2022 9:30:30 AM
98993,3/1/2017 12:00:00 AM,Wheat excluding durum,229.33,,236.99,,240.85,,225.95,221.21,235.38,220.96,11/7/2022 9:30:30 AM
98994,4/1/2017 12:00:00 AM,Durum,246.28,,,,,,,,,191.98,11/7/2022 9:30:30 AM
98995,4/1/2017 12:00:00 AM,Wheat excluding durum,231.68,,236.7,,238.24,,225.95,217.27,238.52,216.19,11/7/2022 9:30:30 AM
98996,5/1/2017 12:00:00 AM,Durum,250.16,,,,,,,,,206.01,11/7/2022 9:30:30 AM
98997,5/1/2017 12:00:00 AM,Wheat excluding durum,232.47,,239.04,,225.01,,243.84,220.53,237.25,216.17,11/7/2022 9:30:30 AM
98998,6/1/2017 12:00:00 AM,Durum,255.13,,,,,,,,,206.42,11/7/2022 9:30:30 AM
98999,6/1/2017 12:00:00 AM,Wheat excluding durum,237.61,,245.96,,220.1,,246.86,209.9,241.92,225.86,11/7/2022 9:30:30 AM
99000,7/1/2017 12:00:00 AM,Durum,267.77,,,,,,,,,225.46,11/7/2022 9:30:30 AM
99001,7/1/2017 12:00:00 AM,Wheat excluding durum,241.76,,258.55,,217.01,,241.41,199.35,243.53,243.06,11/7/2022 9:30:30 AM
99002,8/1/2017 12:00:00 AM,Durum,285.27,,,,,,,,,249.47,11/7/2022 9:30:30 AM
99003,8/1/2017 12:00:00 AM,Wheat excluding durum,244.05,,255.71,,220.32,,236.98,160.32,237.55,227.75,11/7/2022 9:30:30 AM
99004,9/1/2017 12:00:00 AM,Durum,292.58,,,,,,,,,264.09,11/7/2022 9:30:30 AM
99005,9/1/2017 12:00:00 AM,Wheat excluding durum,247.44,,258.53,,223.41,,220.72,169.64,239.16,239.08,11/7/2022 9:30:30 AM
99006,10/1/2017 12:00:00 AM,Durum,303.69,,,,,,,,,274.87,11/7/2022 9:30:30 AM
99007,10/1/2017 12:00:00 AM,Wheat excluding durum,251.03,,257.33,,218.86,,218.2,176.49,235.84,241.18,11/7/2022 9:30:30 AM
99008,11/1/2017 12:00:00 AM,Durum,294.38,,,,,,,,,276.21,11/7/2022 9:30:30 AM
99009,11/1/2017 12:00:00 AM,Wheat excluding durum,256.17,,261.57,,218.57,,215.1,183.6,241.27,244.16,11/7/2022 9:30:30 AM
99010,12/1/2017 12:00:00 AM,Durum,284.46,,,,,,,,,272.1,11/7/2022 9:30:30 AM
99011,12/1/2017 12:00:00 AM,Wheat excluding durum,255.1,,255.01,,209.88,,212.13,198.8,248.73,243.42,11/7/2022 9:30:30 AM
99012,1/1/2018 12:00:00 AM,Durum,281.37,,,,,,,,,267.29,11/7/2022 9:30:30 AM
99013,1/1/2018 12:00:00 AM,Wheat excluding durum,252.8,,249.04,,215.02,,210.98,198.08,247.19,236.81,11/7/2022 9:30:30 AM
99014,2/1/2018 12:00:00 AM,Durum,279.48,,,,,,,,,262.9,11/7/2022 9:30:30 AM
99015,2/1/2018 12:00:00 AM,Wheat excluding durum,249.46,,245.04,,224.95,,215.56,205.13,247.65,233.85,11/7/2022 9:30:30 AM
99016,3/1/2018 12:00:00 AM,Durum,272.11,,,,,,,,,262.64,11/7/2022 9:30:30 AM
99017,3/1/2018 12:00:00 AM,Wheat excluding durum,256.22,,250.2,,218.48,,230.47,217.91,250.29,233.84,11/7/2022 9:30:30 AM
99018,4/1/2018 12:00:00 AM,Durum,267.45,,,,,,,,,261.1,11/7/2022 9:30:30 AM
99019,4/1/2018 12:00:00 AM,Wheat excluding durum,251.02,,251.03,,224.43,,232.99,213.89,245.85,237.17,11/7/2022 9:30:30 AM
99020,5/1/2018 12:00:00 AM,Durum,266.92,,,,,,,,,256.51,11/7/2022 9:30:30 AM
99021,5/1/2018 12:00:00 AM,Wheat excluding durum,253.59,,251.31,,232.69,,247.67,237.31,254.39,239.63,11/7/2022 9:30:30 AM
99022,6/1/2018 12:00:00 AM,Durum,263.2,,,,,,,,,261.81,11/7/2022 9:30:30 AM
99023,6/1/2018 12:00:00 AM,Wheat excluding durum,254.9,,248.66,,238.55,,241.55,251.37,257.51,239.62,11/7/2022 9:30:30 AM
99024,7/1/2018 12:00:00 AM,Durum,260,,,,,,,,,255.13,11/7/2022 9:30:30 AM
99025,7/1/2018 12:00:00 AM,Wheat excluding durum,251.31,,243.01,,249.29,,246.52,251.37,248.38,232.23,11/7/2022 9:30:30 AM
99026,8/1/2018 12:00:00 AM,Durum,257.25,,,,,,,,,252.97,11/7/2022 9:30:30 AM
99027,8/1/2018 12:00:00 AM,Wheat excluding durum,257.77,,252.45,,239.62,,236.2,223.49,257.51,244.14,11/7/2022 9:30:30 AM
99028,9/1/2018 12:00:00 AM,Durum,247.99,,,,,,,,,248.5,11/7/2022 9:30:30 AM
99029,9/1/2018 12:00:00 AM,Wheat excluding durum,256.6,,251.11,,238,,239.64,216.72,257.59,243.17,11/7/2022 9:30:30 AM
99030,10/1/2018 12:00:00 AM,Durum,244.81,,,,,,,,,238.79,11/7/2022 9:30:30 AM
99031,10/1/2018 12:00:00 AM,Wheat excluding durum,246.63,,250.88,,245.97,,233.91,212.37,254.8,242.94,11/7/2022 9:30:30 AM
99032,11/1/2018 12:00:00 AM,Durum,245.35,,,,,,,,,228.67,11/7/2022 9:30:30 AM
99033,11/1/2018 12:00:00 AM,Wheat excluding durum,253.6,,256.7,,247.88,,238.5,239,257.12,244.42,11/7/2022 9:30:30 AM
99034,12/1/2018 12:00:00 AM,Durum,239.98,,,,,,,,,227.47,11/7/2022 9:30:30 AM
99035,12/1/2018 12:00:00 AM,Wheat excluding durum,256.23,,258.1,,246.29,,243.08,228.92,266.63,249.49,11/7/2022 9:30:30 AM
99036,1/1/2019 12:00:00 AM,Durum,239.4,,,,,,,,,230.87,11/7/2022 9:30:30 AM
99037,1/1/2019 12:00:00 AM,Wheat excluding durum,249.93,,255.77,,251.04,,236.24,233.54,274.91,246.95,11/7/2022 9:30:30 AM
99038,2/1/2019 12:00:00 AM,Durum,248.16,,,,,,,,,238.78,11/7/2022 9:30:30 AM
99039,2/1/2019 12:00:00 AM,Wheat excluding durum,250.43,,253.93,,244.68,,244.71,234,283.81,246.09,11/7/2022 9:30:30 AM
99040,3/1/2019 12:00:00 AM,Durum,251.45,,,,,,,,,240.65,11/7/2022 9:30:30 AM
99041,3/1/2019 12:00:00 AM,Wheat excluding durum,252.49,,252.96,,247.54,,241.54,239.92,281.91,249.16,11/7/2022 9:30:30 AM
99042,4/1/2019 12:00:00 AM,Durum,251.14,,,,,,,,,243.68,11/7/2022 9:30:30 AM
99043,4/1/2019 12:00:00 AM,Wheat excluding durum,253.27,,249.8,,250.86,,241.54,236.47,278.76,242.45,11/7/2022 9:30:30 AM
99044,5/1/2019 12:00:00 AM,Durum,252.07,,,,,,,,,244.61,11/7/2022 9:30:30 AM
99045,5/1/2019 12:00:00 AM,Wheat excluding durum,248.4,,247.95,,248.49,,233.06,237.43,283.62,239.3,11/7/2022 9:30:30 AM
99046,6/1/2019 12:00:00 AM,Durum,254.23,,,,,,,,,250.77,11/7/2022 9:30:30 AM
99047,6/1/2019 12:00:00 AM,Wheat excluding durum,254.18,,247.39,,253.82,,241.54,239.63,286.58,242.95,11/7/2022 9:30:30 AM
99048,7/1/2019 12:00:00 AM,Durum,256.73,,,,,,,,,253.13,11/7/2022 9:30:30 AM
99049,7/1/2019 12:00:00 AM,Wheat excluding durum,249.64,,239.26,,264.05,,237.3,245.07,282.93,236.27,11/7/2022 9:30:30 AM
99050,8/1/2019 12:00:00 AM,Durum,255.38,,,,,,,,,251.26,11/7/2022 9:30:30 AM
99051,8/1/2019 12:00:00 AM,Wheat excluding durum,240.51,,225.96,,264.05,,234.76,233.53,268.56,224.99,11/7/2022 9:30:30 AM
99052,9/1/2019 12:00:00 AM,Durum,259.03,,,,,,,,,243.25,11/7/2022 9:30:30 AM
99053,9/1/2019 12:00:00 AM,Wheat excluding durum,234.06,,219.86,,248.42,,233.06,199.9,267.63,213.62,11/7/2022 9:30:30 AM
99054,10/1/2019 12:00:00 AM,Durum,283.42,,,,,,,,,238.64,11/7/2022 9:30:30 AM
99055,10/1/2019 12:00:00 AM,Wheat excluding durum,232.57,,235.31,,254.33,,239.32,230.58,259.27,215.46,11/7/2022 9:30:30 AM
99056,11/1/2019 12:00:00 AM,Durum,298.86,,,,,,,,,246.88,11/7/2022 9:30:30 AM
99057,11/1/2019 12:00:00 AM,Wheat excluding durum,228.6,,236.68,,242.82,,238.88,236.38,255.87,212.48,11/7/2022 9:30:30 AM
99058,12/1/2019 12:00:00 AM,Durum,294.22,,,,,,,,,239.57,11/7/2022 9:30:30 AM
99059,12/1/2019 12:00:00 AM,Wheat excluding durum,235.16,,240.76,,280.55,,241.52,253.27,258.97,213.01,11/7/2022 9:30:30 AM
99060,1/1/2020 12:00:00 AM,Durum,294.38,,,,,,,,,245.03,11/7/2022 9:30:30 AM
99061,1/1/2020 12:00:00 AM,Wheat excluding durum,238.44,,247.56,,289.31,,255.67,268.11,264.13,218.93,11/7/2022 9:30:30 AM
99062,2/1/2020 12:00:00 AM,Durum,296.23,,,,,,,,,251.54,11/7/2022 9:30:30 AM
99063,2/1/2020 12:00:00 AM,Wheat excluding durum,238.64,,233.84,,270.78,,258,265.32,261.33,219.06,11/7/2022 9:30:30 AM
99064,3/1/2020 12:00:00 AM,Durum,296.25,,,,,,,,,260.66,11/7/2022 9:30:30 AM
99065,3/1/2020 12:00:00 AM,Wheat excluding durum,233.38,,240.33,,274.46,,262.65,271.77,267.63,218.99,11/7/2022 9:30:30 AM
99066,4/1/2020 12:00:00 AM,Durum,289.07,,,,,,,,,270.5,11/7/2022 9:30:30 AM
99067,4/1/2020 12:00:00 AM,Wheat excluding durum,237.96,,242.09,,269.56,,255.67,279.66,272.45,219.25,11/7/2022 9:30:30 AM
99068,5/1/2020 12:00:00 AM,Durum,308.44,,,,,,,,,281.24,11/7/2022 9:30:30 AM
99069,5/1/2020 12:00:00 AM,Wheat excluding durum,240.37,,243.47,,280.76,,264.97,270.43,279.48,222.6,11/7/2022 9:30:30 AM
99070,6/1/2020 12:00:00 AM,Durum,309.87,,,,,,,,,281.83,11/7/2022 9:30:30 AM
99071,6/1/2020 12:00:00 AM,Wheat excluding durum,231.79,,237.49,,284.26,,275.57,289.57,268.46,224.19,11/7/2022 9:30:30 AM
99072,7/1/2020 12:00:00 AM,Durum,307.93,,,,,,,,,287.21,11/7/2022 9:30:30 AM
99073,7/1/2020 12:00:00 AM,Wheat excluding durum,243.04,,238.25,,291.78,,281.08,295.39,264.42,227.78,11/7/2022 9:30:30 AM
99074,8/1/2020 12:00:00 AM,Durum,293.31,,,,,,,,,285.89,11/7/2022 9:30:30 AM
99075,8/1/2020 12:00:00 AM,Wheat excluding durum,231.52,,228.28,,291.23,,238.92,203.72,267.11,222.44,11/7/2022 9:30:30 AM
99076,9/1/2020 12:00:00 AM,Durum,297.43,,,,,,,,,280.81,11/7/2022 9:30:30 AM
99077,9/1/2020 12:00:00 AM,Wheat excluding durum,238.15,,227.5,,252.86,,243.28,235.97,268.79,225.67,11/7/2022 9:30:30 AM
99078,10/1/2020 12:00:00 AM,Durum,294.65,,,,,,,,,288.55,11/7/2022 9:30:30 AM
99079,10/1/2020 12:00:00 AM,Wheat excluding durum,243.87,,241.62,,261.91,,248.74,258.96,267.52,233.22,11/7/2022 9:30:30 AM
99080,11/1/2020 12:00:00 AM,Durum,299.73,,,,,,,,,294.03,11/7/2022 9:30:30 AM
99081,11/1/2020 12:00:00 AM,Wheat excluding durum,246.86,,247.04,,273.12,,261.17,285.07,291.69,241,11/7/2022 9:30:30 AM
99082,12/1/2020 12:00:00 AM,Durum,306.53,,,,,,,,,299.47,11/7/2022 9:30:30 AM
99083,12/1/2020 12:00:00 AM,Wheat excluding durum,252.66,,251.08,,285.76,,258.07,291.32,305.48,244.32,11/7/2022 9:30:30 AM
99084,1/1/2021 12:00:00 AM,Durum,309.46,,,,,,,,,301.76,11/7/2022 9:30:30 AM
99085,1/1/2021 12:00:00 AM,Wheat excluding durum,259.78,,256.9,,290.78,,303.44,299.27,302.03,253.04,11/7/2022 9:30:30 AM
99086,2/1/2021 12:00:00 AM,Durum,315.61,,,,,,,,,319.3,11/7/2022 9:30:30 AM
99087,2/1/2021 12:00:00 AM,Wheat excluding durum,269.26,,263.23,,304.17,,308.26,313.05,317.08,261.35,11/7/2022 9:30:30 AM
99088,3/1/2021 12:00:00 AM,Durum,321.13,,,,,,,,,318.53,11/7/2022 9:30:30 AM
99089,3/1/2021 12:00:00 AM,Wheat excluding durum,274.64,,267.57,,313.9,,313.84,312.17,329.11,266.56,11/7/2022 9:30:30 AM
99090,4/1/2021 12:00:00 AM,Durum,329.78,,,,,,,,,325.3,11/7/2022 9:30:30 AM
99091,4/1/2021 12:00:00 AM,Wheat excluding durum,282.24,,278.67,,329.6,,316.3,322.81,337.25,277.18,11/7/2022 9:30:30 AM
99092,5/1/2021 12:00:00 AM,Durum,330.9,,,,,,,,,325.75,11/7/2022 9:30:30 AM
99093,5/1/2021 12:00:00 AM,Wheat excluding durum,294.49,,293.17,,349.66,,330.59,346,352.3,286.13,11/7/2022 9:30:30 AM
99094,6/1/2021 12:00:00 AM,Durum,330.35,,,,,,,,,329.84,11/7/2022 9:30:30 AM
99095,6/1/2021 12:00:00 AM,Wheat excluding durum,306.49,,303.83,,367.14,,347.12,363.4,350.38,296.99,11/7/2022 9:30:30 AM
99096,7/1/2021 12:00:00 AM,Durum,344.39,,,,,,,,,337.47,11/7/2022 9:30:30 AM
99097,7/1/2021 12:00:00 AM,Wheat excluding durum,322.08,,327.84,,364.34,,343.87,354.17,337.17,316.81,11/7/2022 9:30:30 AM
99098,8/1/2021 12:00:00 AM,Durum,466.58,,,,,,,,,461.15,11/7/2022 9:30:30 AM
99099,8/1/2021 12:00:00 AM,Wheat excluding durum,330.4,,319.02,,362.46,,275.1,255.18,339.43,324.88,11/7/2022 9:30:30 AM
99100,9/1/2021 12:00:00 AM,Durum,593.71,,,,,,,,,635.99,11/7/2022 9:30:30 AM
99101,9/1/2021 12:00:00 AM,Wheat excluding durum,334.85,,329.56,,375.29,,299.64,257.12,340.02,319.12,11/7/2022 9:30:30 AM
99102,10/1/2021 12:00:00 AM,Durum,564.61,,,,,,,,,654.27,11/7/2022 9:30:30 AM
99103,10/1/2021 12:00:00 AM,Wheat excluding durum,345.75,,344.56,,341.03,,299.38,301.88,338.75,341.83,11/7/2022 9:30:30 AM
99104,11/1/2021 12:00:00 AM,Durum,675.64,,,,,,,,,646.24,11/7/2022 9:30:30 AM
99105,11/1/2021 12:00:00 AM,Wheat excluding durum,370.21,,375.21,,354.19,,295.21,336.81,361.51,372.3,11/7/2022 9:30:30 AM
99106,12/1/2021 12:00:00 AM,Durum,667.87,,,,,,,,,586.2,11/7/2022 9:30:30 AM
99107,12/1/2021 12:00:00 AM,Wheat excluding durum,388.2,,386.13,,347.81,,294.64,341.56,392.93,394.19,11/7/2022 9:30:30 AM
99108,1/1/2022 12:00:00 AM,Durum,725.67,,,,,,,,,725.04,11/7/2022 9:30:30 AM
99109,1/1/2022 12:00:00 AM,Wheat excluding durum,401.28,,409.12,,328.8,,300.83,348.74,402.19,403.3,11/7/2022 9:30:30 AM
99110,2/1/2022 12:00:00 AM,Durum,696.26,,,,,,,,,715.32,11/7/2022 9:30:30 AM
99111,2/1/2022 12:00:00 AM,Wheat excluding durum,422.03,,413.47,,321.88,,305.54,354.2,407.83,429.54,11/7/2022 9:30:30 AM
99112,3/1/2022 12:00:00 AM,Durum,713.2,,,,,,,,,678.6,11/7/2022 9:30:30 AM
99113,3/1/2022 12:00:00 AM,Wheat excluding durum,455.97,,450.86,,348.8,,320.51,359.29,438.03,449.58,11/7/2022 9:30:30 AM
99114,4/1/2022 12:00:00 AM,Durum,678.14,,,,,,,,,629.13,11/7/2022 9:30:30 AM
99115,4/1/2022 12:00:00 AM,Wheat excluding durum,478.05,,476.56,,350.12,,329.94,369.87,488.25,473.12,11/7/2022 9:30:30 AM
99116,5/1/2022 12:00:00 AM,Durum,633.23,,,,,,,,,620.09,11/7/2022 9:30:30 AM
99117,5/1/2022 12:00:00 AM,Wheat excluding durum,515.42,,515.45,,359.73,,342.87,393.97,523.04,506.74,11/7/2022 9:30:30 AM
99118,6/1/2022 12:00:00 AM,Durum,625.6,,,,,,,,,613.87,11/7/2022 9:30:30 AM
99119,6/1/2022 12:00:00 AM,Wheat excluding durum,520.73,,514.59,,397.89,,365.36,403.83,518.51,514.42,11/7/2022 9:30:30 AM
99120,7/1/2022 12:00:00 AM,Durum,539.68,,,,,,,,,578.55,11/7/2022 9:30:30 AM
99121,7/1/2022 12:00:00 AM,Wheat excluding durum,479.97,,465.56,,391.43,,354.56,391.91,416.8,467.97,11/7/2022 9:30:30 AM
99122,8/1/2022 12:00:00 AM,Durum,499.18,,,,,,,,,496.21,11/7/2022 9:30:30 AM
99123,8/1/2022 12:00:00 AM,Wheat excluding durum,424.97,,412.83,,352.28,,315.56,348.3,380.45,411.12,11/7/2022 9:30:30 AM
99124,9/1/2022 12:00:00 AM,Durum,480.71,,,,,,,,,456.91,11/7/2022 9:30:30 AM
99125,9/1/2022 12:00:00 AM,Wheat excluding durum,421.39,,408.9,,324.1,,290.32,266.79,,410.91,11/7/2022 9:30:30 AM
